<?xml version="1.0" encoding="UTF-8"?><rss version="2.0"
	xmlns:content="http://purl.org/rss/1.0/modules/content/"
	xmlns:wfw="http://wellformedweb.org/CommentAPI/"
	xmlns:dc="http://purl.org/dc/elements/1.1/"
	xmlns:atom="http://www.w3.org/2005/Atom"
	xmlns:sy="http://purl.org/rss/1.0/modules/syndication/"
	xmlns:slash="http://purl.org/rss/1.0/modules/slash/"
	>

<channel>
	<title>prachi2 &#8211; Prachi Wazalwar</title>
	<atom:link href="/author/prachi2/feed/" rel="self" type="application/rss+xml" />
	<link>/</link>
	<description></description>
	<lastBuildDate>Sun, 07 Jul 2024 19:31:03 +0000</lastBuildDate>
	<language>en-US</language>
	<sy:updatePeriod>
	hourly	</sy:updatePeriod>
	<sy:updateFrequency>
	1	</sy:updateFrequency>
	<generator>https://wordpress.org/?v=6.6.1</generator>
	<item>
		<title>Sec 95</title>
		<link>/sec-95/</link>
					<comments>/sec-95/#respond</comments>
		
		<dc:creator><![CDATA[prachi2]]></dc:creator>
		<pubDate>Sat, 06 Jul 2024 09:28:35 +0000</pubDate>
				<category><![CDATA[Blog]]></category>
		<guid isPermaLink="false">/?p=570</guid>

					<description><![CDATA[Sec 95 is a..]]></description>
										<content:encoded><![CDATA[
<p>Sec 95 is a..</p>
]]></content:encoded>
					
					<wfw:commentRss>/sec-95/feed/</wfw:commentRss>
			<slash:comments>0</slash:comments>
		
		
			</item>
		<item>
		<title>FAQs on Claims</title>
		<link>/faqs-on-claims/</link>
					<comments>/faqs-on-claims/#respond</comments>
		
		<dc:creator><![CDATA[prachi2]]></dc:creator>
		<pubDate>Sat, 06 Jul 2024 09:25:38 +0000</pubDate>
				<category><![CDATA[Blog]]></category>
		<guid isPermaLink="false">/?p=565</guid>

					<description><![CDATA[Frequently Asked Questions on Claims]]></description>
										<content:encoded><![CDATA[
<p></p>



<div class="wp-block-uagb-container uagb-block-lemsf8an alignfull uagb-is-root-container"><div class="uagb-container-inner-blocks-wrap">
<div class="wp-block-uagb-image uagb-block-5468d610 wp-block-uagb-image--layout-default wp-block-uagb-image--effect-static wp-block-uagb-image--align-none"><figure class="wp-block-uagb-image__figure"><img decoding="async" srcset="/wp-content/uploads/2024/07/DSC00144-01-2-1024x683.jpeg ,/wp-content/uploads/2024/07/DSC00144-01-2.jpeg 780w, /wp-content/uploads/2024/07/DSC00144-01-2.jpeg 360w" sizes="(max-width: 480px) 150px" src="/wp-content/uploads/2024/07/DSC00144-01-2-1024x683.jpeg" alt="" class="uag-image-567" width="1080" height="720" title="DSC00144-01-2" loading="lazy" role="img"/></figure></div>



<div class="wp-block-uagb-advanced-heading uagb-block-8fyys0g3"><h2 class="uagb-heading-text">Frequently Asked Questions on Claims</h2></div>


<div class="wp-block-uagb-faq uagb-faq__outer-wrap uagb-block-trhvnz8q uagb-faq-icon-row-reverse uagb-faq-layout-accordion uagb-faq-expand-first-true uagb-faq-inactive-other-true uagb-faq__wrap uagb-buttons-layout-wrap uagb-faq-equal-height     " data-faqtoggle="true" role="tablist"><div class="wp-block-uagb-faq-child uagb-faq-child__outer-wrap uagb-faq-item uagb-block-l6jziwwr " role="tab" tabindex="0"><div class="uagb-faq-questions-button uagb-faq-questions">			<span class="uagb-icon uagb-faq-icon-wrap">
								<svg xmlns="https://www.w3.org/2000/svg" viewBox= "0 0 448 512"><path d="M224 416c-8.188 0-16.38-3.125-22.62-9.375l-192-192c-12.5-12.5-12.5-32.75 0-45.25s32.75-12.5 45.25 0L224 338.8l169.4-169.4c12.5-12.5 32.75-12.5 45.25 0s12.5 32.75 0 45.25l-192 192C240.4 412.9 232.2 416 224 416z"></path></svg>
							</span>
						<span class="uagb-icon-active uagb-faq-icon-wrap">
								<svg xmlns="https://www.w3.org/2000/svg" viewBox= "0 0 448 512"><path d="M416 352c-8.188 0-16.38-3.125-22.62-9.375L224 173.3l-169.4 169.4c-12.5 12.5-32.75 12.5-45.25 0s-12.5-32.75 0-45.25l192-192c12.5-12.5 32.75-12.5 45.25 0l192 192c12.5 12.5 12.5 32.75 0 45.25C432.4 348.9 424.2 352 416 352z"></path></svg>
							</span>
			<p class="uagb-question">What is a claim?</p></div><div class="uagb-faq-content"><p>Claim is a&#8230;.</p></div></div><div class="wp-block-uagb-faq-child uagb-faq-child__outer-wrap uagb-faq-item uagb-block-v7pgvsoo " role="tab" tabindex="0"><div class="uagb-faq-questions-button uagb-faq-questions">			<span class="uagb-icon uagb-faq-icon-wrap">
								<svg xmlns="https://www.w3.org/2000/svg" viewBox= "0 0 448 512"><path d="M224 416c-8.188 0-16.38-3.125-22.62-9.375l-192-192c-12.5-12.5-12.5-32.75 0-45.25s32.75-12.5 45.25 0L224 338.8l169.4-169.4c12.5-12.5 32.75-12.5 45.25 0s12.5 32.75 0 45.25l-192 192C240.4 412.9 232.2 416 224 416z"></path></svg>
							</span>
						<span class="uagb-icon-active uagb-faq-icon-wrap">
								<svg xmlns="https://www.w3.org/2000/svg" viewBox= "0 0 448 512"><path d="M416 352c-8.188 0-16.38-3.125-22.62-9.375L224 173.3l-169.4 169.4c-12.5 12.5-32.75 12.5-45.25 0s-12.5-32.75 0-45.25l192-192c12.5-12.5 32.75-12.5 45.25 0l192 192c12.5 12.5 12.5 32.75 0 45.25C432.4 348.9 424.2 352 416 352z"></path></svg>
							</span>
			<p class="uagb-question">What is debt?</p></div><div class="uagb-faq-content"><p>Debt is a&#8230;.</p></div></div><div class="wp-block-uagb-faq-child uagb-faq-child__outer-wrap uagb-faq-item uagb-block-af8e464d " role="tab" tabindex="0"><div class="uagb-faq-questions-button uagb-faq-questions">			<span class="uagb-icon uagb-faq-icon-wrap">
								<svg xmlns="https://www.w3.org/2000/svg" viewBox= "0 0 448 512"><path d="M432 256c0 17.69-14.33 32.01-32 32.01H256v144c0 17.69-14.33 31.99-32 31.99s-32-14.3-32-31.99v-144H48c-17.67 0-32-14.32-32-32.01s14.33-31.99 32-31.99H192v-144c0-17.69 14.33-32.01 32-32.01s32 14.32 32 32.01v144h144C417.7 224 432 238.3 432 256z"></path></svg>
							</span>
						<span class="uagb-icon-active uagb-faq-icon-wrap">
								<svg xmlns="https://www.w3.org/2000/svg" viewBox= "0 0 448 512"><path d="M400 288h-352c-17.69 0-32-14.32-32-32.01s14.31-31.99 32-31.99h352c17.69 0 32 14.3 32 31.99S417.7 288 400 288z"></path></svg>
							</span>
			<p class="uagb-question">What is FAQ?</p></div><div class="uagb-faq-content"><p>Lorem ipsum dolor sit amet, consectetur adipiscing elit, sed do eiusmod tempor incididunt ut labore et dolore magna aliqua. Ut enim ad minim veniam, quis nostrud exercitation ullamco laboris nisi ut aliquip ex ea commodo consequat.</p></div></div></div></div></div>
]]></content:encoded>
					
					<wfw:commentRss>/faqs-on-claims/feed/</wfw:commentRss>
			<slash:comments>0</slash:comments>
		
		
			</item>
	</channel>
</rss>
